<?xml version="1.0" encoding="UTF-8"?>
<project-private xmlns="http://www.netbeans.org/ns/project-private/1">
    <editor-bookmarks xmlns="http://www.netbeans.org/ns/editor-bookmarks/2" lastBookmarkId="0"/>
    <open-files xmlns="http://www.netbeans.org/ns/projectui-open-files/2">
        <group>
            <file>file:/Users/carlossalcidoa/Documents/CUCEI%20-%20INCO/Semestre%206/SSSO/Programa7/src/programa7/MainProgram.java</file>
            <file>file:/Users/carlossalcidoa/Documents/CUCEI%20-%20INCO/Semestre%206/SSSO/Programa7/src/programa7/Proceso.java</file>
        </group>
    </open-files>
</project-private>
