<?xml version="1.0" encoding="UTF-8"?>
<project-private xmlns="http://www.netbeans.org/ns/project-private/1">
    <editor-bookmarks xmlns="http://www.netbeans.org/ns/editor-bookmarks/2" lastBookmarkId="0"/>
    <open-files xmlns="http://www.netbeans.org/ns/projectui-open-files/2">
        <group>
            <file>file:/E:/Trabajos_escuela/IA_1/Catedra/Programas/Clase5_java_figuras/src/org/figuras/rectangulo.java</file>
            <file>file:/E:/Trabajos_escuela/IA_1/Catedra/Programas/Clase5_java_figuras/src/org/figuras/cuadrado.java</file>
            <file>file:/E:/Trabajos_escuela/IA_1/Catedra/Programas/Clase5_java_figuras/src/org/figuras/triangulo.java</file>
            <file>file:/E:/Trabajos_escuela/IA_1/Catedra/Programas/Clase5_java_figuras/src/org/figuras/Main.java</file>
            <file>file:/E:/Trabajos_escuela/IA_1/Catedra/Programas/Clase5_java_figuras/src/org/figuras/poligono.java</file>
        </group>
    </open-files>
</project-private>
