<?xml version="1.0" encoding="UTF-8"?>
<project-private xmlns="http://www.netbeans.org/ns/project-private/1">
    <editor-bookmarks xmlns="http://www.netbeans.org/ns/editor-bookmarks/2" lastBookmarkId="0"/>
    <open-files xmlns="http://www.netbeans.org/ns/projectui-open-files/2">
        <group>
            <file>file:/E:/Trabajos_escuela/IA_1/Catedra/Programas/Clase6_practica_histograma/src/org/proceso/Burbuja.java</file>
            <file>file:/E:/Trabajos_escuela/IA_1/Catedra/Programas/Clase6_practica_histograma/src/org/proceso/Grafico.java</file>
            <file>file:/E:/Trabajos_escuela/IA_1/Catedra/Programas/Clase6_practica_histograma/src/org/proceso/Main.java</file>
        </group>
    </open-files>
</project-private>
